Path                                                                                                                                    , Value
inquiry.id                                                                                                                              , "586"
inquiry.status                                                                                                                          , "COMPLETE"
inquiry.reviewStatus                                                                                                                    , "NO_REVIEW"
inquiry.portfolioMonitoring                                                                                                             , true
inquiry.globalSearch                                                                                                                    , false
inquiry.tracking                                                                                                                        , "P-t6WVddnudKKyOzfKJUk8"
inquiry.gridPersonPartyInfo.gridPersonData.gridContact.addr.addr1                                                                       , "367 Formosa Street, "
inquiry.gridPersonPartyInfo.gridPersonData.gridContact.addr.city                                                                        , "São Paulo"
inquiry.gridPersonPartyInfo.gridPersonData.gridContact.addr.stateProv                                                                   , "SP"
inquiry.gridPersonPartyInfo.gridPersonData.gridContact.addr.postalCode                                                                  , "01049-907"
inquiry.gridPersonPartyInfo.gridPersonData.gridContact.addr.countryCode.countryCodeValue                                                , "BR"
inquiry.gridPersonPartyInfo.gridPersonData.personName.fullName                                                                          , "Fernando Henrique Cardoso"
inquiry.gridPersonPartyInfo.birthDt                                                                                                     , "1931-06-18"
inquiry.portfolioMonitoringActionIfDuplicate                                                                                            , "REPLACE"
inquiry.searchActionIfDuplicate                                                                                                         , "SEARCH_UNLESS_SEARCHED"
alerts[0].gridAlertId                                                                                                                   , "995994690.586"
alerts[0].gridAlertInfo.gridInquiryRec.gridInquiryId                                                                                    , "586"
alerts[0].gridAlertInfo.gridInquiryRec.gridInquiryInfo.portfolioMonitoring                                                              , true
alerts[0].gridAlertInfo.gridInquiryRec.gridInquiryInfo.globalSearch                                                                     , false
alerts[0].gridAlertInfo.gridInquiryRec.gridInquiryInfo.tracking                                                                         , "P-t6WVddnudKKyOzfKJUk8"
alerts[0].gridAlertInfo.gridInquiryRec.gridInquiryInfo.gridPersonPartyInfo.gridPersonData.gridContact.addr.addr1                        , "367 Formosa Street, "
alerts[0].gridAlertInfo.gridInquiryRec.gridInquiryInfo.gridPersonPartyInfo.gridPersonData.gridContact.addr.city                         , "São Paulo"
alerts[0].gridAlertInfo.gridInquiryRec.gridInquiryInfo.gridPersonPartyInfo.gridPersonData.gridContact.addr.stateProv                    , "SP"
alerts[0].gridAlertInfo.gridInquiryRec.gridInquiryInfo.gridPersonPartyInfo.gridPersonData.gridContact.addr.postalCode                   , "01049-907"
alerts[0].gridAlertInfo.gridInquiryRec.gridInquiryInfo.gridPersonPartyInfo.gridPersonData.gridContact.addr.countryCode.countryCodeValue , "BR"
alerts[0].gridAlertInfo.gridInquiryRec.gridInquiryInfo.gridPersonPartyInfo.gridPersonData.personName.fullName                           , "Fernando Henrique Cardoso"
alerts[0].gridAlertInfo.gridInquiryRec.gridInquiryInfo.gridPersonPartyInfo.birthDt                                                      , "1931-06-18"
alerts[0].gridAlertInfo.gridInquiryRec.gridInquiryStatus.gridInquiryStatusCode                                                          , "COMPLETE"
alerts[0].gridAlertInfo.alerts.alertDt                                                                                                  , "2025-01-27T15:17:44"
alerts[0].gridAlertInfo.alerts.nonReviewedAlertEntity[0].matchScore                                                                     , 97
alerts[0].gridAlertInfo.alerts.nonReviewedAlertEntity[0].riskScore                                                                      , 90
alerts[0].gridAlertInfo.alerts.nonReviewedAlertEntity[0].cvip                                                                           , "C"
alerts[0].gridAlertInfo.alerts.nonReviewedAlertEntity[0].entityId                                                                       , 173457645
alerts[0].gridAlertInfo.alerts.nonReviewedAlertEntity[0].entityTyp                                                                      , "P"
alerts[0].gridAlertInfo.alerts.nonReviewedAlertEntity[0].entityName                                                                     , "Fernando Henrique Cardoso"
alerts[0].gridAlertInfo.alerts.nonReviewedAlertEntity[0].source.sourceName                                                              , "RiskConnect"
alerts[0].gridAlertInfo.alerts.nonReviewedAlertEntity[0].source.sourceURL                                                               , "https://grid.rdc.eu.com/wss/entity.html?entityId=906c3d365ed54ddb7b0d54d45213b770"
alerts[0].gridAlertInfo.alerts.nonReviewedAlertEntity[0].source.entityDt                                                                , "2022-08-16"
alerts[0].gridAlertInfo.alerts.nonReviewedAlertEntity[0].event[0].category.categoryCode                                                 , "PEP"
alerts[0].gridAlertInfo.alerts.nonReviewedAlertEntity[0].event[0].category.categoryDesc                                                 , "Person Political"
alerts[0].gridAlertInfo.alerts.nonReviewedAlertEntity[0].event[0].eventDesc                                                             , "On List [PEP Connect - Brazil]"
alerts[0].gridAlertInfo.alerts.nonReviewedAlertEntity[0].event[0].eventDt                                                               , "2022-08-16"
alerts[0].gridAlertInfo.alerts.nonReviewedAlertEntity[0].event[0].subCategory.categoryCode                                              , "ASC"
alerts[0].gridAlertInfo.alerts.nonReviewedAlertEntity[0].event[0].subCategory.categoryDesc                                              , "Associated with, Seen with"
alerts[0].gridAlertInfo.alerts.nonReviewedAlertEntity[0].event[0].source.sourceName                                                     , "PEP Connect - Brazil"
alerts[0].gridAlertInfo.alerts.nonReviewedAlertEntity[0].event[0].source.sourceURL                                                      , "https://www.moodys.com/web/en/us/kyc/products/grid/grid-dataset-descriptions.html/#pep-connect"
alerts[0].gridAlertInfo.alerts.nonReviewedAlertEntity[0].event[0].source.entityDt                                                       , "2023-08-28"
alerts[0].gridAlertInfo.alerts.nonReviewedAlertEntity[0].event[0].source.format                                                         , "PEP_Connect"
alerts[0].gridAlertInfo.alerts.nonReviewedAlertEntity[0].event[1].category.categoryCode                                                 , "BRB"
alerts[0].gridAlertInfo.alerts.nonReviewedAlertEntity[0].event[1].category.categoryDesc                                                 , "Bribery, Graft, Kickbacks, Political Corruption"
alerts[0].gridAlertInfo.alerts.nonReviewedAlertEntity[0].event[1].eventDesc                                                             , "This entity appears on the Federal Prosecutor's Office Press releases. The former presidents Luiz Inácio Lula da Silva, Fernando Henrique Cardoso, Fernando Collor de Mello, and Itamar Franco are under investigation for possible misappropriation of public goods, in connection with gifts received in official visits from other statespeople."
alerts[0].gridAlertInfo.alerts.nonReviewedAlertEntity[0].event[1].eventDt                                                               , "2018-05-11"
alerts[0].gridAlertInfo.alerts.nonReviewedAlertEntity[0].event[1].subCategory.categoryCode                                              , "PRB"
alerts[0].gridAlertInfo.alerts.nonReviewedAlertEntity[0].event[1].subCategory.categoryDesc                                              , "Probe"
alerts[0].gridAlertInfo.alerts.nonReviewedAlertEntity[0].event[1].source.sourceName                                                     , "Brazil Federal Prosecutors Office (MPF) - Press Releases"
alerts[0].gridAlertInfo.alerts.nonReviewedAlertEntity[0].event[1].source.sourceURL                                                      , "http://www.mpf.mp.br/sala-de-imprensa/noticias"
alerts[0].gridAlertInfo.alerts.nonReviewedAlertEntity[0].event[1].source.entityDt                                                       , "2023-07-12"
alerts[0].gridAlertInfo.alerts.nonReviewedAlertEntity[0].event[1].source.format                                                         , "Web"
alerts[0].gridAlertInfo.alerts.nonReviewedAlertEntity[0].event[2].category.categoryCode                                                 , "BRB"
alerts[0].gridAlertInfo.alerts.nonReviewedAlertEntity[0].event[2].category.categoryDesc                                                 , "Bribery, Graft, Kickbacks, Political Corruption"
alerts[0].gridAlertInfo.alerts.nonReviewedAlertEntity[0].event[2].eventDesc                                                             , "Buenosairesherald.com listed an article on 14 January 2016, re: 3 Brazilian presidents Fernando Henrique Cardoso, Luiz Ignácio Lula da Silva, and Fernando Collor de Mello were under investigation for allegedly being involved in the corruption scheme involving Petrobras."
alerts[0].gridAlertInfo.alerts.nonReviewedAlertEntity[0].event[2].eventDt                                                               , "2016-01-14"
alerts[0].gridAlertInfo.alerts.nonReviewedAlertEntity[0].event[2].subCategory.categoryCode                                              , "PRB"
alerts[0].gridAlertInfo.alerts.nonReviewedAlertEntity[0].event[2].subCategory.categoryDesc                                              , "Probe"
alerts[0].gridAlertInfo.alerts.nonReviewedAlertEntity[0].event[2].source.sourceName                                                     , "Global Online Media (Portuguese Media)"
alerts[0].gridAlertInfo.alerts.nonReviewedAlertEntity[0].event[2].source.sourceURL                                                      , "http://www.buenosairesherald.com/article/206692/brazil-graft-allegations-reach-3-expresidents"
alerts[0].gridAlertInfo.alerts.nonReviewedAlertEntity[0].event[2].source.entityDt                                                       , "2023-09-06"
alerts[0].gridAlertInfo.alerts.nonReviewedAlertEntity[0].event[2].source.format                                                         , "Web"
alerts[0].gridAlertInfo.alerts.nonReviewedAlertEntity[0].event[3].category.categoryCode                                                 , "FRD"
alerts[0].gridAlertInfo.alerts.nonReviewedAlertEntity[0].event[3].category.categoryDesc                                                 , "Fraud, Scams, Swindles"
alerts[0].gridAlertInfo.alerts.nonReviewedAlertEntity[0].event[3].eventDesc                                                             , "Accused of fraud"
alerts[0].gridAlertInfo.alerts.nonReviewedAlertEntity[0].event[3].eventDt                                                               , "2006-01-31"
alerts[0].gridAlertInfo.alerts.nonReviewedAlertEntity[0].event[3].subCategory.categoryCode                                              , "ACC"
alerts[0].gridAlertInfo.alerts.nonReviewedAlertEntity[0].event[3].subCategory.categoryDesc                                              , "Accuse"
alerts[0].gridAlertInfo.alerts.nonReviewedAlertEntity[0].event[3].source.sourceName                                                     , "Factiva Article - LBA0000020060131e21v00253"
alerts[0].gridAlertInfo.alerts.nonReviewedAlertEntity[0].event[3].source.sourceURL                                                      , "http://global.factiva.com/en/du/article.asp?NAPC=S&AccessionNo=LBA0000020060131e21v00253"
alerts[0].gridAlertInfo.alerts.nonReviewedAlertEntity[0].event[3].source.entityDt                                                       , "2006-01-31"
alerts[0].gridAlertInfo.alerts.nonReviewedAlertEntity[0].event[3].source.format                                                         , "Media"
alerts[0].gridAlertInfo.alerts.nonReviewedAlertEntity[0].event[3].source.headline                                                       , "Brazil Senate seeks indictment of bankers over fraud"
alerts[0].gridAlertInfo.alerts.nonReviewedAlertEntity[0].event[3].source.publicationSource                                              , "Reuters News"
alerts[0].gridAlertInfo.alerts.nonReviewedAlertEntity[0].event[3].source.publisher                                                      , "Reuters Ltd."
alerts[0].gridAlertInfo.alerts.nonReviewedAlertEntity[0].event[3].source.sourceKy                                                       , "7ee0d8d2f431a2db"
alerts[0].gridAlertInfo.alerts.nonReviewedAlertEntity[0].event[4].category.categoryCode                                                 , "BRB"
alerts[0].gridAlertInfo.alerts.nonReviewedAlertEntity[0].event[4].category.categoryDesc                                                 , "Bribery, Graft, Kickbacks, Political Corruption"
alerts[0].gridAlertInfo.alerts.nonReviewedAlertEntity[0].event[4].eventDesc                                                             , "accusations of corruption, mostly against the president."
alerts[0].gridAlertInfo.alerts.nonReviewedAlertEntity[0].event[4].eventDt                                                               , "2001-05-23"
alerts[0].gridAlertInfo.alerts.nonReviewedAlertEntity[0].event[4].subCategory.categoryCode                                              , "ACC"
alerts[0].gridAlertInfo.alerts.nonReviewedAlertEntity[0].event[4].subCategory.categoryDesc                                              , "Accuse"
alerts[0].gridAlertInfo.alerts.nonReviewedAlertEntity[0].event[4].source.sourceName                                                     , "Factiva Article - wefe000020010713dx5n00d4n"
alerts[0].gridAlertInfo.alerts.nonReviewedAlertEntity[0].event[4].source.sourceURL                                                      , "http://global.factiva.com/en/du/article.asp?NAPC=S&AccessionNo=wefe000020010713dx5n00d4n"
alerts[0].gridAlertInfo.alerts.nonReviewedAlertEntity[0].event[4].source.entityDt                                                       , "2001-05-23"
alerts[0].gridAlertInfo.alerts.nonReviewedAlertEntity[0].event[4].source.format                                                         , "Media"
alerts[0].gridAlertInfo.alerts.nonReviewedAlertEntity[0].event[4].source.headline                                                       , "BRAZIL-CORRUPTION CARDOSO: \"DEMOCRACY MAY NOT WITHSTAND\" WAVE OF\nACCUSATIONS"
alerts[0].gridAlertInfo.alerts.nonReviewedAlertEntity[0].event[4].source.publicationSource                                              , "EFE News Service"
alerts[0].gridAlertInfo.alerts.nonReviewedAlertEntity[0].event[4].source.publisher                                                      , "EFE News Service"
alerts[0].gridAlertInfo.alerts.nonReviewedAlertEntity[0].event[4].source.sourceKy                                                       , "dd645aece62c6641"
alerts[0].gridAlertInfo.alerts.nonReviewedAlertEntity[0].event[5].category.categoryCode                                                 , "BRB"
alerts[0].gridAlertInfo.alerts.nonReviewedAlertEntity[0].event[5].category.categoryDesc                                                 , "Bribery, Graft, Kickbacks, Political Corruption"
alerts[0].gridAlertInfo.alerts.nonReviewedAlertEntity[0].event[5].eventDesc                                                             , "G1.globo.com listed an article on 18 April 2017, re: former directors and people related to construction company Odebrecht mentioned several politicians in their plea deal testimony, referring to the payment of bribes and illegal donations made by the company."
alerts[0].gridAlertInfo.alerts.nonReviewedAlertEntity[0].event[5].eventDt                                                               , "2017-04-18"
alerts[0].gridAlertInfo.alerts.nonReviewedAlertEntity[0].event[5].subCategory.categoryCode                                              , "SPT"
alerts[0].gridAlertInfo.alerts.nonReviewedAlertEntity[0].event[5].subCategory.categoryDesc                                              , "Suspected"
alerts[0].gridAlertInfo.alerts.nonReviewedAlertEntity[0].event[5].source.sourceName                                                     , "Global Online Media (Portuguese Media)"
alerts[0].gridAlertInfo.alerts.nonReviewedAlertEntity[0].event[5].source.sourceURL                                                      , "http://especiais.g1.globo.com/politica/2017/lava-jato/delacao-da-odebrecht/"
alerts[0].gridAlertInfo.alerts.nonReviewedAlertEntity[0].event[5].source.entityDt                                                       , "2023-09-06"
alerts[0].gridAlertInfo.alerts.nonReviewedAlertEntity[0].event[5].source.format                                                         , "Web"
alerts[0].gridAlertInfo.alerts.nonReviewedAlertEntity[0].event[6].category.categoryCode                                                 , "BRB"
alerts[0].gridAlertInfo.alerts.nonReviewedAlertEntity[0].event[6].category.categoryDesc                                                 , "Bribery, Graft, Kickbacks, Political Corruption"
alerts[0].gridAlertInfo.alerts.nonReviewedAlertEntity[0].event[6].eventDesc                                                             , "G1.globo.com listed an article on 13 April 2017, re: Michel Temer, Dilma Rousseff, Luiz Inácio Lula da Silva, Fernando Henrique Cardoso, Fernando Collor, José Sarney, Eunício Oliveira, Rodrigo Maia, Aécio Neves, Eliseu Padilha, Wellington Moreira Franco, Bruno Araújo, Aloysio Nunes Ferreira, Gilberto Kassab, Marcos Antônio Pereira, Blairo Maggi and Helder Barbalho were cited on plea deal testimonies of executives of Odebrecht for the corruption scheme involving Petrobras."
alerts[0].gridAlertInfo.alerts.nonReviewedAlertEntity[0].event[6].eventDt                                                               , "2017-04-13"
alerts[0].gridAlertInfo.alerts.nonReviewedAlertEntity[0].event[6].subCategory.categoryCode                                              , "SPT"
alerts[0].gridAlertInfo.alerts.nonReviewedAlertEntity[0].event[6].subCategory.categoryDesc                                              , "Suspected"
alerts[0].gridAlertInfo.alerts.nonReviewedAlertEntity[0].event[6].source.sourceName                                                     , "Global Online Media (Portuguese Media)"
alerts[0].gridAlertInfo.alerts.nonReviewedAlertEntity[0].event[6].source.sourceURL                                                      , "http://g1.globo.com/politica/operacao-lava-jato/noticia/delacao-da-odebrecht-veja-as-suspeitas-levantadas-sobre-os-principais-politicos.ghtml"
alerts[0].gridAlertInfo.alerts.nonReviewedAlertEntity[0].event[6].source.entityDt                                                       , "2023-09-06"
alerts[0].gridAlertInfo.alerts.nonReviewedAlertEntity[0].event[6].source.format                                                         , "Web"
alerts[0].gridAlertInfo.alerts.nonReviewedAlertEntity[0].postAddr[0].addr1                                                              , "Avenida L2 Sul, Quadra 607 Metropolis Building, Coverage 2"
alerts[0].gridAlertInfo.alerts.nonReviewedAlertEntity[0].postAddr[0].city                                                               , "Brasilia"
alerts[0].gridAlertInfo.alerts.nonReviewedAlertEntity[0].postAddr[0].stateProv                                                          , "Distrito Federal"
alerts[0].gridAlertInfo.alerts.nonReviewedAlertEntity[0].postAddr[0].postalCode                                                         , "70200670"
alerts[0].gridAlertInfo.alerts.nonReviewedAlertEntity[0].postAddr[0].countryCode.countryCodeValue                                       , "BR"
alerts[0].gridAlertInfo.alerts.nonReviewedAlertEntity[0].postAddr[1].locatorTyp                                                         , "BIRTH"
alerts[0].gridAlertInfo.alerts.nonReviewedAlertEntity[0].postAddr[1].city                                                               , "Rio de Janeiro"
alerts[0].gridAlertInfo.alerts.nonReviewedAlertEntity[0].postAddr[1].stateProv                                                          , "Rio de Janeiro"
alerts[0].gridAlertInfo.alerts.nonReviewedAlertEntity[0].postAddr[1].countryCode.countryCodeValue                                       , "BR"
alerts[0].gridAlertInfo.alerts.nonReviewedAlertEntity[0].postAddr[2].city                                                               , "Brasilia"
alerts[0].gridAlertInfo.alerts.nonReviewedAlertEntity[0].postAddr[2].stateProv                                                          , "Distrito Federal"
alerts[0].gridAlertInfo.alerts.nonReviewedAlertEntity[0].postAddr[2].countryCode.countryCodeValue                                       , "BR"
alerts[0].gridAlertInfo.alerts.nonReviewedAlertEntity[0].birthDt[0].0                                                                   , "1"
alerts[0].gridAlertInfo.alerts.nonReviewedAlertEntity[0].birthDt[0].1                                                                   , "9"
alerts[0].gridAlertInfo.alerts.nonReviewedAlertEntity[0].birthDt[0].2                                                                   , "3"
alerts[0].gridAlertInfo.alerts.nonReviewedAlertEntity[0].birthDt[0].3                                                                   , "1"
alerts[0].gridAlertInfo.alerts.nonReviewedAlertEntity[0].birthDt[0].4                                                                   , "-"
alerts[0].gridAlertInfo.alerts.nonReviewedAlertEntity[0].birthDt[0].5                                                                   , "0"
alerts[0].gridAlertInfo.alerts.nonReviewedAlertEntity[0].birthDt[0].6                                                                   , "6"
alerts[0].gridAlertInfo.alerts.nonReviewedAlertEntity[0].birthDt[0].7                                                                   , "-"
alerts[0].gridAlertInfo.alerts.nonReviewedAlertEntity[0].birthDt[0].8                                                                   , "1"
alerts[0].gridAlertInfo.alerts.nonReviewedAlertEntity[0].birthDt[0].9                                                                   , "8"
alerts[0].gridAlertInfo.alerts.nonReviewedAlertEntity[0].attribute[0].attCode                                                           , "URL"
alerts[0].gridAlertInfo.alerts.nonReviewedAlertEntity[0].attribute[0].attDesc                                                           , "Entity URL"
alerts[0].gridAlertInfo.alerts.nonReviewedAlertEntity[0].attribute[0].attVal                                                            , "http://www.buenosairesherald.com/article/206692/brazil-graft-allegations-reach-3-expresidents"
alerts[0].gridAlertInfo.alerts.nonReviewedAlertEntity[0].attribute[1].attCode                                                           , "URL"
alerts[0].gridAlertInfo.alerts.nonReviewedAlertEntity[0].attribute[1].attDesc                                                           , "Entity URL"
alerts[0].gridAlertInfo.alerts.nonReviewedAlertEntity[0].attribute[1].attVal                                                            , "http://especiais.g1.globo.com/politica/2017/lava-jato/delacao-da-odebrecht/"
alerts[0].gridAlertInfo.alerts.nonReviewedAlertEntity[0].attribute[2].attCode                                                           , "URL"
alerts[0].gridAlertInfo.alerts.nonReviewedAlertEntity[0].attribute[2].attDesc                                                           , "Entity URL"
alerts[0].gridAlertInfo.alerts.nonReviewedAlertEntity[0].attribute[2].attVal                                                            , "http://g1.globo.com/politica/operacao-lava-jato/noticia/delacao-da-odebrecht-veja-as-suspeitas-levantadas-sobre-os-principais-politicos.ghtml"
alerts[0].gridAlertInfo.alerts.nonReviewedAlertEntity[0].attribute[3].attCode                                                           , "URL"
alerts[0].gridAlertInfo.alerts.nonReviewedAlertEntity[0].attribute[3].attDesc                                                           , "Entity URL"
alerts[0].gridAlertInfo.alerts.nonReviewedAlertEntity[0].attribute[3].attVal                                                            , "http://www.wikidata.org/entity/Q230578"
alerts[0].gridAlertInfo.alerts.nonReviewedAlertEntity[0].attribute[4].attCode                                                           , "IMG"
alerts[0].gridAlertInfo.alerts.nonReviewedAlertEntity[0].attribute[4].attDesc                                                           , "Image URL"
alerts[0].gridAlertInfo.alerts.nonReviewedAlertEntity[0].attribute[4].attVal                                                            , "http://commons.wikimedia.org/wiki/Special:FilePath/Fernando%20Henrique%20Cardoso%20%281999%29.jpg"
alerts[0].gridAlertInfo.alerts.nonReviewedAlertEntity[0].attribute[5].attCode                                                           , "URL"
alerts[0].gridAlertInfo.alerts.nonReviewedAlertEntity[0].attribute[5].attDesc                                                           , "Entity URL"
alerts[0].gridAlertInfo.alerts.nonReviewedAlertEntity[0].attribute[5].attVal                                                            , "http://www.mpf.mp.br/pgr/noticias-pgr/investigacao-de-ex-presidentes-da-republica-por-apropriacao-de-presentes-recebidos-durante-os-mandatos-deve-prosseguir-decide-mpf"
alerts[0].gridAlertInfo.alerts.nonReviewedAlertEntity[0].attribute[6].attCode                                                           , "PTY"
alerts[0].gridAlertInfo.alerts.nonReviewedAlertEntity[0].attribute[6].attDesc                                                           , "PEP Type"
alerts[0].gridAlertInfo.alerts.nonReviewedAlertEntity[0].attribute[6].attVal                                                            , "REG:L1"
alerts[0].gridAlertInfo.alerts.nonReviewedAlertEntity[0].attribute[7].attCode                                                           , "PTY"
alerts[0].gridAlertInfo.alerts.nonReviewedAlertEntity[0].attribute[7].attDesc                                                           , "PEP Type"
alerts[0].gridAlertInfo.alerts.nonReviewedAlertEntity[0].attribute[7].attVal                                                            , "LEG:L2"
alerts[0].gridAlertInfo.alerts.nonReviewedAlertEntity[0].attribute[8].attCode                                                           , "PTY"
alerts[0].gridAlertInfo.alerts.nonReviewedAlertEntity[0].attribute[8].attDesc                                                           , "PEP Type"
alerts[0].gridAlertInfo.alerts.nonReviewedAlertEntity[0].attribute[8].attVal                                                            , "HOS:L1"
alerts[0].gridAlertInfo.alerts.nonReviewedAlertEntity[0].attribute[9].attCode                                                           , "PTY"
alerts[0].gridAlertInfo.alerts.nonReviewedAlertEntity[0].attribute[9].attDesc                                                           , "PEP Type"
alerts[0].gridAlertInfo.alerts.nonReviewedAlertEntity[0].attribute[9].attVal                                                            , "CAB:L1"
alerts[0].gridAlertInfo.alerts.nonReviewedAlertEntity[0].attribute[10].attCode                                                          , "IMG"
alerts[0].gridAlertInfo.alerts.nonReviewedAlertEntity[0].attribute[10].attDesc                                                          , "Image URL"
alerts[0].gridAlertInfo.alerts.nonReviewedAlertEntity[0].attribute[10].attVal                                                           , "http://library.brown.edu/collections/skidmore/portraits/images/fernandoHenriqueCardoso.jpg"
alerts[0].gridAlertInfo.alerts.nonReviewedAlertEntity[0].attribute[11].attCode                                                          , "SEX"
alerts[0].gridAlertInfo.alerts.nonReviewedAlertEntity[0].attribute[11].attDesc                                                          , "Sex"
alerts[0].gridAlertInfo.alerts.nonReviewedAlertEntity[0].attribute[11].attVal                                                           , "Male"
alerts[0].gridAlertInfo.alerts.nonReviewedAlertEntity[0].attribute[12].attCode                                                          , "RID"
alerts[0].gridAlertInfo.alerts.nonReviewedAlertEntity[0].attribute[12].attDesc                                                          , "Riskid"
alerts[0].gridAlertInfo.alerts.nonReviewedAlertEntity[0].attribute[12].attVal                                                           , "R12929520"
alerts[0].gridAlertInfo.alerts.nonReviewedAlertEntity[0].attribute[13].attCode                                                          , "RGP"
alerts[0].gridAlertInfo.alerts.nonReviewedAlertEntity[0].attribute[13].attDesc                                                          , "Riskography"
alerts[0].gridAlertInfo.alerts.nonReviewedAlertEntity[0].attribute[13].attVal                                                           , "Fernando Henrique Cardoso is a former President of Brazil. According to public media sources, he was accused of corruption and harboring corrupt officials in 2001. He was also accused of doing nothing to clamp down on corruption in his government."
alerts[0].gridAlertInfo.alerts.nonReviewedAlertEntity[0].attribute[14].attCode                                                          , "PRT"
alerts[0].gridAlertInfo.alerts.nonReviewedAlertEntity[0].attribute[14].attDesc                                                          , "PEP Rating"
alerts[0].gridAlertInfo.alerts.nonReviewedAlertEntity[0].attribute[14].attVal                                                           , "D:07/27/2016"
alerts[0].gridAlertInfo.alerts.nonReviewedAlertEntity[0].attribute[15].attCode                                                          , "PRT"
alerts[0].gridAlertInfo.alerts.nonReviewedAlertEntity[0].attribute[15].attDesc                                                          , "PEP Rating"
alerts[0].gridAlertInfo.alerts.nonReviewedAlertEntity[0].attribute[15].attVal                                                           , "C:06/06/2014"
alerts[0].gridAlertInfo.alerts.nonReviewedAlertEntity[0].sysId                                                                          , "906c3d365ed54ddb7b0d54d45213b770"
alerts[0].gridAlertInfo.alerts.nonReviewedAlertEntity[0].rdcURL                                                                         , "https://grid.rdc.eu.com/wss/entity.html?entityId=906c3d365ed54ddb7b0d54d45213b770"
alerts[0].gridAlertInfo.alerts.nonReviewedAlertEntity[0].sources.source[0].sourceName                                                   , "PEP Connect - Brazil"
alerts[0].gridAlertInfo.alerts.nonReviewedAlertEntity[0].sources.source[0].sourceURL                                                    , "https://www.moodys.com/web/en/us/kyc/products/grid/grid-dataset-descriptions.html/#pep-connect"
alerts[0].gridAlertInfo.alerts.nonReviewedAlertEntity[0].sources.source[0].headline                                                     , "PEP Connect - Brazil"
alerts[0].gridAlertInfo.alerts.nonReviewedAlertEntity[0].sources.source[1].sourceName                                                   , "Reuters News"
alerts[0].gridAlertInfo.alerts.nonReviewedAlertEntity[0].sources.source[1].sourceURL                                                    , "http://global.factiva.com/en/du/article.asp?NAPC=S&AccessionNo=LBA0000020060131e21v00253"
alerts[0].gridAlertInfo.alerts.nonReviewedAlertEntity[0].sources.source[1].headline                                                     , "MEDIA Article,Headline:Brazil Senate seeks indictment of bankers over fraud"
alerts[0].gridAlertInfo.alerts.nonReviewedAlertEntity[0].sources.source[2].sourceName                                                   , "Global Online Media (Portuguese Media)"
alerts[0].gridAlertInfo.alerts.nonReviewedAlertEntity[0].sources.source[2].sourceURL                                                    , "https://www.moodys.com/web/en/us/kyc/products/grid/grid-dataset-descriptions.html/#global-online-media"
alerts[0].gridAlertInfo.alerts.nonReviewedAlertEntity[0].sources.source[2].headline                                                     , "Global Online Media (Portuguese Media)"
alerts[0].gridAlertInfo.alerts.nonReviewedAlertEntity[0].sources.source[3].sourceName                                                   , "Brazil Federal Prosecutors Office (MPF) - Press Releases"
alerts[0].gridAlertInfo.alerts.nonReviewedAlertEntity[0].sources.source[3].sourceURL                                                    , "http://www.mpf.mp.br/sala-de-imprensa/noticias"
alerts[0].gridAlertInfo.alerts.nonReviewedAlertEntity[0].sources.source[3].headline                                                     , "Brazil Federal Prosecutors Office (MPF) - Press Releases"
alerts[0].gridAlertInfo.alerts.nonReviewedAlertEntity[0].sources.source[4].sourceName                                                   , "EFE News Service"
alerts[0].gridAlertInfo.alerts.nonReviewedAlertEntity[0].sources.source[4].sourceURL                                                    , "http://global.factiva.com/en/du/article.asp?NAPC=S&AccessionNo=wefe000020010713dx5n00d4n"
alerts[0].gridAlertInfo.alerts.nonReviewedAlertEntity[0].sources.source[4].headline                                                     , "MEDIA Article,United States,Headline:BRAZIL-CORRUPTION CARDOSO: \"DEMOCRACY MAY NOT WITHSTAND\" WAVE OF\nACCUSATIONS"
alerts[0].gridAlertInfo.alerts.nonReviewedAlertEntity[0].sources.source[5].sourceName                                                   , "PEP Wikidata Attributes"
alerts[0].gridAlertInfo.alerts.nonReviewedAlertEntity[0].sources.source[5].sourceURL                                                    , "http://www.wikidata.org/"
alerts[0].gridAlertInfo.alerts.nonReviewedAlertEntity[0].sources.source[5].headline                                                     , "PEP Wikidata Attributes"
alerts[0].gridAlertInfo.alerts.nonReviewedAlertEntity[0].sources.source[6].sourceName                                                   , "Reuters News"
alerts[0].gridAlertInfo.alerts.nonReviewedAlertEntity[0].sources.source[6].sourceURL                                                    , "http://global.factiva.com/en/du/article.asp?NAPC=S&AccessionNo=lba0000020010713dx3105j6q"
alerts[0].gridAlertInfo.alerts.nonReviewedAlertEntity[0].sources.source[6].headline                                                     , "MEDIA Article,United Kingdom,Headline:Brazil politics heat up as Carnival party ends."
alerts[0].gridAlertInfo.alerts.nonReviewedAlertEntity[0].sources.source[7].sourceName                                                   , "Reuters News"
alerts[0].gridAlertInfo.alerts.nonReviewedAlertEntity[0].sources.source[7].sourceURL                                                    , "http://global.factiva.com/en/du/article.asp?NAPC=S&AccessionNo=lba0000020010713dx4202unn"
alerts[0].gridAlertInfo.alerts.nonReviewedAlertEntity[0].sources.source[7].headline                                                     , "MEDIA Article,United Kingdom,Headline:Brazil's Cardoso creates public ethics office."
alerts[0].gridAlertInfo.alerts.nonReviewedAlertEntity[0].sources.source[8].sourceName                                                   , "AFP World News"
alerts[0].gridAlertInfo.alerts.nonReviewedAlertEntity[0].sources.source[8].headline                                                     , "MEDIA Article,Headline:Brazil's mega corruption scandal: what we know"
alerts[0].gridAlertInfo.alerts.nonReviewedAlertEntity[0].sources.source[9].sourceName                                                   , "PSDB Partido da Social Democracia Brasileira, Executiva Nacional"
alerts[0].gridAlertInfo.alerts.nonReviewedAlertEntity[0].sources.source[9].sourceURL                                                    , "https://www2.psdb.org.br/interna/quemequem.php"
alerts[0].gridAlertInfo.alerts.nonReviewedAlertEntity[0].sources.source[9].headline                                                     , "This document provides location (country) and position of Fernando Henrique Cardoso \n"
alerts[0].gridAlertInfo.alerts.nonReviewedAlertEntity[0].sources.source[10].sourceName                                                  , "Presidentes e Vice Presidentes do Brasil, Perfil - Fernando Henrique Cardoso"
alerts[0].gridAlertInfo.alerts.nonReviewedAlertEntity[0].sources.source[10].sourceURL                                                   , "http://www.dec.ufcg.edu.br/biografias/PBFHCa.html"
alerts[0].gridAlertInfo.alerts.nonReviewedAlertEntity[0].sources.source[10].headline                                                    , "This document provides date of birth, birth address and positions of Fernando Henrique Cardoso"
alerts[0].gridAlertInfo.alerts.nonReviewedAlertEntity[0].sources.source[11].sourceName                                                  , "Presidentes e Vice Presidentes do Brasil"
alerts[0].gridAlertInfo.alerts.nonReviewedAlertEntity[0].sources.source[11].sourceURL                                                   , "http://www.dec.ufcg.edu.br/biografias/RolPreBR.html"
alerts[0].gridAlertInfo.alerts.nonReviewedAlertEntity[0].sources.source[11].headline                                                    , "This document provides position of Fernando Henrique Cardoso\n"
alerts[0].gridAlertInfo.alerts.nonReviewedAlertEntity[0].sources.source[12].sourceName                                                  , "Brazil"
alerts[0].gridAlertInfo.alerts.nonReviewedAlertEntity[0].sources.source[12].sourceURL                                                   , "http://www.fgv.br/cpdoc/acervo/dicionarios/verbete-biografico/leonidas-fernandes-cardoso"
alerts[0].gridAlertInfo.alerts.nonReviewedAlertEntity[0].sources.source[12].headline                                                    , "This document provides the relationship for Fernando Henrique Cardoso"
alerts[0].gridAlertInfo.alerts.nonReviewedAlertEntity[0].sources.source[13].sourceName                                                  , "Brazil"
alerts[0].gridAlertInfo.alerts.nonReviewedAlertEntity[0].sources.source[13].sourceURL                                                   , "http://www.terra.com.br/istoegente/04/reportagens/rep_fhc.htm"
alerts[0].gridAlertInfo.alerts.nonReviewedAlertEntity[0].sources.source[13].headline                                                    , "This document provides the relationship for Fernando Henrique Cardoso"
alerts[0].gridAlertInfo.alerts.nonReviewedAlertEntity[0].sources.source[14].sourceName                                                  , "Brazil"
alerts[0].gridAlertInfo.alerts.nonReviewedAlertEntity[0].sources.source[14].sourceURL                                                   , "https://www.psdb.org.br/quem-e-quem/fernando-henrique-cardoso"
alerts[0].gridAlertInfo.alerts.nonReviewedAlertEntity[0].sources.source[14].headline                                                    , "This document provides the address and complete name and position for Fernando Henrique Cardoso"
alerts[0].gridAlertInfo.alerts.nonReviewedAlertEntity[0].sources.source[15].sourceName                                                  , "Brazil"
alerts[0].gridAlertInfo.alerts.nonReviewedAlertEntity[0].sources.source[15].sourceURL                                                   , "https://www.thedialogue.org/experts/fernando-henrique-cardoso/"
alerts[0].gridAlertInfo.alerts.nonReviewedAlertEntity[0].sources.source[15].headline                                                    , "This document provides the position for Fernando Henrique Cardoso"
alerts[0].gridAlertInfo.alerts.nonReviewedAlertEntity[0].sources.source[16].sourceName                                                  , "Brazil"
alerts[0].gridAlertInfo.alerts.nonReviewedAlertEntity[0].sources.source[16].sourceURL                                                   , "https://pt.wikipedia.org/wiki/Fernando_Henrique_Cardoso"
alerts[0].gridAlertInfo.alerts.nonReviewedAlertEntity[0].sources.source[16].headline                                                    , "This document provides the birth address and date of birth and position for Fernando Henrique Cardoso"
alerts[0].gridAlertInfo.alerts.nonReviewedAlertEntity[0].sources.source[17].sourceName                                                  , "Brazil"
alerts[0].gridAlertInfo.alerts.nonReviewedAlertEntity[0].sources.source[17].sourceURL                                                   , "http://www.dec.ufcg.edu.br/biografias/PBFHCa.html"
alerts[0].gridAlertInfo.alerts.nonReviewedAlertEntity[0].sources.source[17].headline                                                    , "This document provides the position for Fernando Henrique Cardoso"
alerts[0].gridAlertInfo.alerts.nonReviewedAlertEntity[0].sources.source[18].sourceName                                                  , "Brazil"
alerts[0].gridAlertInfo.alerts.nonReviewedAlertEntity[0].sources.source[18].sourceURL                                                   , "http://www.terra.com.br/istoegente/98/reportagem/beatriz_cardoso.htm"
alerts[0].gridAlertInfo.alerts.nonReviewedAlertEntity[0].sources.source[18].headline                                                    , "This document provides the relationship for Fernando Henrique Cardoso"
alerts[0].gridAlertInfo.alerts.nonReviewedAlertEntity[0].sources.source[19].sourceName                                                  , "Brazil"
alerts[0].gridAlertInfo.alerts.nonReviewedAlertEntity[0].sources.source[19].sourceURL                                                   , "http://www.cartacapital.com.br/revista/895/negocios-de-familia"
alerts[0].gridAlertInfo.alerts.nonReviewedAlertEntity[0].sources.source[19].headline                                                    , "This document provides the relationship for Fernando Henrique Cardoso"
alerts[0].gridAlertInfo.alerts.nonReviewedAlertEntity[0].sources.source[20].sourceName                                                  , "Brazil"
alerts[0].gridAlertInfo.alerts.nonReviewedAlertEntity[0].sources.source[20].sourceURL                                                   , "https://www.academia.org.br/academicos/fernando-henrique-cardoso/biografia"
alerts[0].gridAlertInfo.alerts.nonReviewedAlertEntity[0].sources.source[20].headline                                                    , "This document provides the position for Fernando Henrique Cardoso"
alerts[0].gridAlertInfo.alerts.nonReviewedAlertEntity[0].sources.source[21].sourceName                                                  , "Brazil"
alerts[0].gridAlertInfo.alerts.nonReviewedAlertEntity[0].sources.source[21].sourceURL                                                   , "https://www2.psdb.org.br/interna/quemequem.php"
alerts[0].gridAlertInfo.alerts.nonReviewedAlertEntity[0].sources.source[21].headline                                                    , "This document provides the position for Fernando Henrique Cardoso"
alerts[0].gridAlertInfo.alerts.nonReviewedAlertEntity[0].sources.source[22].sourceName                                                  , "Brazil"
alerts[0].gridAlertInfo.alerts.nonReviewedAlertEntity[0].sources.source[22].sourceURL                                                   , "http://istoe.com.br/347003_A+NOVA+MULHER+DE+FHC/"
alerts[0].gridAlertInfo.alerts.nonReviewedAlertEntity[0].sources.source[22].headline                                                    , "This document provides the relationship for Fernando Henrique Cardoso"
alerts[0].gridAlertInfo.alerts.nonReviewedAlertEntity[0].sources.source[23].sourceName                                                  , "Brazil"
alerts[0].gridAlertInfo.alerts.nonReviewedAlertEntity[0].sources.source[23].sourceURL                                                   , "https://library.brown.edu/collections/skidmore/portraits/fernandoHenriqueCardoso.html"
alerts[0].gridAlertInfo.alerts.nonReviewedAlertEntity[0].sources.source[23].headline                                                    , "This document provides the position for Fernando Henrique Cardoso"
alerts[0].gridAlertInfo.alerts.nonReviewedAlertEntity[0].sources.source[24].sourceName                                                  , "Brazil"
alerts[0].gridAlertInfo.alerts.nonReviewedAlertEntity[0].sources.source[24].sourceURL                                                   , "http://novosalic.cultura.gov.br/cidadao/dados-projeto?idPronac=501eac548e7d4fa987034573abc6e179MTgzNjg0ZUA3NWVmUiEzNDUwb3RT"
alerts[0].gridAlertInfo.alerts.nonReviewedAlertEntity[0].sources.source[24].headline                                                    , "This document provides the relationship for Fernando Henrique Cardoso"
alerts[0].gridAlertInfo.alerts.nonReviewedAlertEntity[0].sources.source[25].sourceName                                                  , "Brazil"
alerts[0].gridAlertInfo.alerts.nonReviewedAlertEntity[0].sources.source[25].sourceURL                                                   , "https://www.gazetadopovo.com.br/vida-publica/filha-de-fhc-e-assessora-de-senador-mas-trabalha-em-casa-bi0rgh524tgwy5ypu2us1qp8u/"
alerts[0].gridAlertInfo.alerts.nonReviewedAlertEntity[0].sources.source[25].headline                                                    , "This document provides the relationship for Fernando Henrique Cardoso"
alerts[0].gridAlertInfo.alerts.nonReviewedAlertEntity[0].sources.source[26].sourceName                                                  , "Brazil"
alerts[0].gridAlertInfo.alerts.nonReviewedAlertEntity[0].sources.source[26].sourceURL                                                   , "https://in.reuters.com/article/uk-brazil-politics/brazilian-former-first-lady-ruth-cardoso-dies-idUKN2439247120080625"
alerts[0].gridAlertInfo.alerts.nonReviewedAlertEntity[0].sources.source[26].headline                                                    , "This document provides the relationship for Fernando Henrique Cardoso"
alerts[0].gridAlertInfo.alerts.nonReviewedAlertEntity[0].sources.source[27].sourceName                                                  , "Brazil"
alerts[0].gridAlertInfo.alerts.nonReviewedAlertEntity[0].sources.source[27].sourceURL                                                   , "https://www.psdb.org.br/conheca/quem-e-quem/membros-da-executiva"
alerts[0].gridAlertInfo.alerts.nonReviewedAlertEntity[0].sources.source[27].headline                                                    , "This document provides the position for Fernando Henrique Cardoso"
alerts[0].gridAlertInfo.alerts.nonReviewedAlertEntity[0].sources.source[28].sourceName                                                  , "Brazil"
alerts[0].gridAlertInfo.alerts.nonReviewedAlertEntity[0].sources.source[28].sourceURL                                                   , "http://www.ac24horas.com/2014/06/04/bittar-recebe-apoio-de-fhc-na-disputa-pelo-governo-do-acre/"
alerts[0].gridAlertInfo.alerts.nonReviewedAlertEntity[0].sources.source[28].headline                                                    , "This document provides the relationship for Fernando Henrique Cardoso"
alerts[0].gridAlertInfo.alerts.nonReviewedAlertEntity[0].sources.source[29].sourceName                                                  , "Image Url"
alerts[0].gridAlertInfo.alerts.nonReviewedAlertEntity[0].sources.source[29].sourceURL                                                   , "http://commons.wikimedia.org/wiki/Special:FilePath/Fernando%20Henrique%20Cardoso%20%281999%29.jpg"
alerts[0].gridAlertInfo.alerts.nonReviewedAlertEntity[0].sources.source[29].headline                                                    , "Image Url"
alerts[0].gridAlertInfo.alerts.nonReviewedAlertEntity[0].sources.source[30].sourceName                                                  , "Image Url"
alerts[0].gridAlertInfo.alerts.nonReviewedAlertEntity[0].sources.source[30].sourceURL                                                   , "http://library.brown.edu/collections/skidmore/portraits/images/fernandoHenriqueCardoso.jpg"
alerts[0].gridAlertInfo.alerts.nonReviewedAlertEntity[0].sources.source[30].headline                                                    , "Image Url"
alerts[0].gridAlertInfo.alerts.nonReviewedAlertEntity[0].sources.source[31].sourceName                                                  , "PEP Connect - Brazil"
alerts[0].gridAlertInfo.alerts.nonReviewedAlertEntity[0].sources.source[31].sourceURL                                                   , "https://www.moodys.com/web/en/us/kyc/products/grid/grid-dataset-descriptions.html/#pep-connect"
alerts[0].gridAlertInfo.alerts.nonReviewedAlertEntity[0].sources.source[31].format                                                      , "PEP_Connect"
alerts[0].gridAlertInfo.alerts.nonReviewedAlertEntity[0].sources.source[32].sourceName                                                  , "Brazil Federal Prosecutors Office (MPF) - Press Releases"
alerts[0].gridAlertInfo.alerts.nonReviewedAlertEntity[0].sources.source[32].sourceURL                                                   , "http://www.mpf.mp.br/sala-de-imprensa/noticias"
alerts[0].gridAlertInfo.alerts.nonReviewedAlertEntity[0].sources.source[32].format                                                      , "Web"
alerts[0].gridAlertInfo.alerts.nonReviewedAlertEntity[0].sources.source[33].sourceName                                                  , "Global Online Media (Portuguese Media)"
alerts[0].gridAlertInfo.alerts.nonReviewedAlertEntity[0].sources.source[33].sourceURL                                                   , "http://www.buenosairesherald.com/article/206692/brazil-graft-allegations-reach-3-expresidents"
alerts[0].gridAlertInfo.alerts.nonReviewedAlertEntity[0].sources.source[33].format                                                      , "Web"
alerts[0].gridAlertInfo.alerts.nonReviewedAlertEntity[0].sources.source[34].sourceName                                                  , "Factiva Article - LBA0000020060131e21v00253"
alerts[0].gridAlertInfo.alerts.nonReviewedAlertEntity[0].sources.source[34].sourceURL                                                   , "http://global.factiva.com/en/du/article.asp?NAPC=S&AccessionNo=LBA0000020060131e21v00253"
alerts[0].gridAlertInfo.alerts.nonReviewedAlertEntity[0].sources.source[34].format                                                      , "Media"
alerts[0].gridAlertInfo.alerts.nonReviewedAlertEntity[0].sources.source[34].headline                                                    , "Brazil Senate seeks indictment of bankers over fraud"
alerts[0].gridAlertInfo.alerts.nonReviewedAlertEntity[0].sources.source[34].publicationSource                                           , "Reuters News"
alerts[0].gridAlertInfo.alerts.nonReviewedAlertEntity[0].sources.source[34].publisher                                                   , "Reuters Ltd."
alerts[0].gridAlertInfo.alerts.nonReviewedAlertEntity[0].sources.source[34].sourceKy                                                    , "7ee0d8d2f431a2db"
alerts[0].gridAlertInfo.alerts.nonReviewedAlertEntity[0].sources.source[35].sourceName                                                  , "Factiva Article - wefe000020010713dx5n00d4n"
alerts[0].gridAlertInfo.alerts.nonReviewedAlertEntity[0].sources.source[35].sourceURL                                                   , "http://global.factiva.com/en/du/article.asp?NAPC=S&AccessionNo=wefe000020010713dx5n00d4n"
alerts[0].gridAlertInfo.alerts.nonReviewedAlertEntity[0].sources.source[35].format                                                      , "Media"
alerts[0].gridAlertInfo.alerts.nonReviewedAlertEntity[0].sources.source[35].headline                                                    , "BRAZIL-CORRUPTION CARDOSO: \"DEMOCRACY MAY NOT WITHSTAND\" WAVE OF\nACCUSATIONS"
alerts[0].gridAlertInfo.alerts.nonReviewedAlertEntity[0].sources.source[35].publicationSource                                           , "EFE News Service"
alerts[0].gridAlertInfo.alerts.nonReviewedAlertEntity[0].sources.source[35].publisher                                                   , "EFE News Service"
alerts[0].gridAlertInfo.alerts.nonReviewedAlertEntity[0].sources.source[35].sourceKy                                                    , "dd645aece62c6641"
alerts[0].gridAlertInfo.alerts.nonReviewedAlertEntity[0].sources.source[36].sourceName                                                  , "Global Online Media (Portuguese Media)"
alerts[0].gridAlertInfo.alerts.nonReviewedAlertEntity[0].sources.source[36].sourceURL                                                   , "http://especiais.g1.globo.com/politica/2017/lava-jato/delacao-da-odebrecht/"
alerts[0].gridAlertInfo.alerts.nonReviewedAlertEntity[0].sources.source[36].format                                                      , "Web"
alerts[0].gridAlertInfo.alerts.nonReviewedAlertEntity[0].sources.source[37].sourceName                                                  , "Global Online Media (Portuguese Media)"
alerts[0].gridAlertInfo.alerts.nonReviewedAlertEntity[0].sources.source[37].sourceURL                                                   , "http://g1.globo.com/politica/operacao-lava-jato/noticia/delacao-da-odebrecht-veja-as-suspeitas-levantadas-sobre-os-principais-politicos.ghtml"
alerts[0].gridAlertInfo.alerts.nonReviewedAlertEntity[0].sources.source[37].format                                                      , "Web"
alerts[0].gridAlertInfo.alerts.nonReviewedAlertEntity[0].fullPositions.fullPosition[0].position                                         , "Founder - Brazilian Social Democratic Party (PSDB), The Federative Republic of Brazil"
alerts[0].gridAlertInfo.alerts.nonReviewedAlertEntity[0].fullPositions.fullPosition[0].fromDate                                         , "-/-/1988"
alerts[0].gridAlertInfo.alerts.nonReviewedAlertEntity[0].fullPositions.fullPosition[1].position                                         , "Chairman - Brazilian Center for Analysis and Planning (CEBRAP), The Federative Republic of Brazil"
alerts[0].gridAlertInfo.alerts.nonReviewedAlertEntity[0].fullPositions.fullPosition[1].fromDate                                         , "-/-/1983"
alerts[0].gridAlertInfo.alerts.nonReviewedAlertEntity[0].fullPositions.fullPosition[2].position                                         , "Director - Brazilian Center for Analysis and Planning (CEBRAP), The Federative Republic of Brazil"
alerts[0].gridAlertInfo.alerts.nonReviewedAlertEntity[0].fullPositions.fullPosition[2].fromDate                                         , "-/-/1980"
alerts[0].gridAlertInfo.alerts.nonReviewedAlertEntity[0].fullPositions.fullPosition[2].toDate                                           , "-/-/1982"
alerts[0].gridAlertInfo.alerts.nonReviewedAlertEntity[0].fullPositions.fullPosition[3].position                                         , "Member - Brazilian Democratic Movement (Movimento Democratico Brasileiro) (MDB), The Federative Republic of Brazil"
alerts[0].gridAlertInfo.alerts.nonReviewedAlertEntity[0].fullPositions.fullPosition[3].fromDate                                         , "-/-/1978"
alerts[0].gridAlertInfo.alerts.nonReviewedAlertEntity[0].fullPositions.fullPosition[4].position                                         , "Brazilian senator"
alerts[0].gridAlertInfo.alerts.nonReviewedAlertEntity[0].fullPositions.fullPosition[5].position                                         , "Deputy Director - Latin American Economic and Social Planning, The Federative Republic of Brazil"
alerts[0].gridAlertInfo.alerts.nonReviewedAlertEntity[0].fullPositions.fullPosition[6].position                                         , "Former president"
alerts[0].gridAlertInfo.alerts.nonReviewedAlertEntity[0].fullPositions.fullPosition[7].position                                         , "Minister of Finance of Brazil"
alerts[0].gridAlertInfo.alerts.nonReviewedAlertEntity[0].fullPositions.fullPosition[8].position                                         , "President - Brazilian Social Democracy Party (Partido da Social Democracia Brasileira, PSDB), The Federative Republic of Brazil"
alerts[0].gridAlertInfo.alerts.nonReviewedAlertEntity[0].fullPositions.fullPosition[9].position                                         , "President of Brazil"
alerts[0].gridAlertInfo.alerts.nonReviewedAlertEntity[0].pepTypes.pepType[0].type                                                       , "CAB"
alerts[0].gridAlertInfo.alerts.nonReviewedAlertEntity[0].pepTypes.pepType[0].level                                                      , 1
alerts[0].gridAlertInfo.alerts.nonReviewedAlertEntity[0].pepTypes.pepType[0].position                                                   , "Minister - Ministry of Finance, The Federative Republic of Brazil"
alerts[0].gridAlertInfo.alerts.nonReviewedAlertEntity[0].pepTypes.pepType[0].fromDate                                                   , "-/-/1993"
alerts[0].gridAlertInfo.alerts.nonReviewedAlertEntity[0].pepTypes.pepType[0].toDate                                                     , "-/-/1994"
alerts[0].gridAlertInfo.alerts.nonReviewedAlertEntity[0].pepTypes.pepType[1].type                                                       , "CAB"
alerts[0].gridAlertInfo.alerts.nonReviewedAlertEntity[0].pepTypes.pepType[1].level                                                      , 1
alerts[0].gridAlertInfo.alerts.nonReviewedAlertEntity[0].pepTypes.pepType[1].position                                                   , "Minister - Ministry of Foreign Affairs, The Federative Republic of Brazil"
alerts[0].gridAlertInfo.alerts.nonReviewedAlertEntity[0].pepTypes.pepType[1].fromDate                                                   , "-/-/1992"
alerts[0].gridAlertInfo.alerts.nonReviewedAlertEntity[0].pepTypes.pepType[1].toDate                                                     , "-/-/1993"
alerts[0].gridAlertInfo.alerts.nonReviewedAlertEntity[0].pepTypes.pepType[2].type                                                       , "HOS"
alerts[0].gridAlertInfo.alerts.nonReviewedAlertEntity[0].pepTypes.pepType[2].level                                                      , 1
alerts[0].gridAlertInfo.alerts.nonReviewedAlertEntity[0].pepTypes.pepType[2].position                                                   , "President - Government of the Federative Republic of Brazil"
alerts[0].gridAlertInfo.alerts.nonReviewedAlertEntity[0].pepTypes.pepType[2].fromDate                                                   , "1/1/1995"
alerts[0].gridAlertInfo.alerts.nonReviewedAlertEntity[0].pepTypes.pepType[2].toDate                                                     , "1/1/2003"
alerts[0].gridAlertInfo.alerts.nonReviewedAlertEntity[0].pepTypes.pepType[3].type                                                       , "LEG"
alerts[0].gridAlertInfo.alerts.nonReviewedAlertEntity[0].pepTypes.pepType[3].level                                                      , 2
alerts[0].gridAlertInfo.alerts.nonReviewedAlertEntity[0].pepTypes.pepType[3].position                                                   , "Senator - Senate, National Congress of the Federative Republic of Brazil"
alerts[0].gridAlertInfo.alerts.nonReviewedAlertEntity[0].pepTypes.pepType[3].fromDate                                                   , "3/15/1983"
alerts[0].gridAlertInfo.alerts.nonReviewedAlertEntity[0].pepTypes.pepType[3].toDate                                                     , "5/20/1993"
alerts[0].gridAlertInfo.alerts.nonReviewedAlertEntity[0].pepTypes.pepType[4].type                                                       , "REG"
alerts[0].gridAlertInfo.alerts.nonReviewedAlertEntity[0].pepTypes.pepType[4].level                                                      , 1
alerts[0].gridAlertInfo.alerts.nonReviewedAlertEntity[0].pepTypes.pepType[4].position                                                   , "Governor - Government of Sao Paulo, The Federative Republic of Brazil"
alerts[0].gridAlertInfo.alerts.nonReviewedAlertEntity[0].rels.rel[0].relDir                                                             , "FROM"
alerts[0].gridAlertInfo.alerts.nonReviewedAlertEntity[0].rels.rel[0].relTyp                                                             , "WIFE"
alerts[0].gridAlertInfo.alerts.nonReviewedAlertEntity[0].rels.rel[0].sysId                                                              , "18cfde3b7bf16f2d887529c24da2e8f8"
alerts[0].gridAlertInfo.alerts.nonReviewedAlertEntity[0].rels.rel[0].entityName                                                         , "Ruth Cardoso"
alerts[0].gridAlertInfo.alerts.nonReviewedAlertEntity[0].rels.rel[1].relDir                                                             , "FROM"
alerts[0].gridAlertInfo.alerts.nonReviewedAlertEntity[0].rels.rel[1].relTyp                                                             , "DAUGHTER"
alerts[0].gridAlertInfo.alerts.nonReviewedAlertEntity[0].rels.rel[1].sysId                                                              , "540fb1adbbbdca1d807068483484fb42"
alerts[0].gridAlertInfo.alerts.nonReviewedAlertEntity[0].rels.rel[1].entityName                                                         , "Beatriz Cardoso"
alerts[0].gridAlertInfo.alerts.nonReviewedAlertEntity[0].rels.rel[2].relDir                                                             , "FROM"
alerts[0].gridAlertInfo.alerts.nonReviewedAlertEntity[0].rels.rel[2].relTyp                                                             , "MOTHER"
alerts[0].gridAlertInfo.alerts.nonReviewedAlertEntity[0].rels.rel[2].sysId                                                              , "e2a55dde2570333d24cc7c5d2db6a913"
alerts[0].gridAlertInfo.alerts.nonReviewedAlertEntity[0].rels.rel[2].entityName                                                         , "Nayde Silva Cardoso"
alerts[0].gridAlertInfo.alerts.nonReviewedAlertEntity[0].rels.rel[3].relDir                                                             , "FROM"
alerts[0].gridAlertInfo.alerts.nonReviewedAlertEntity[0].rels.rel[3].relTyp                                                             , "GRANDDAUGHTER"
alerts[0].gridAlertInfo.alerts.nonReviewedAlertEntity[0].rels.rel[3].sysId                                                              , "e2a55dde2570333d0914e508159681f8"
alerts[0].gridAlertInfo.alerts.nonReviewedAlertEntity[0].rels.rel[3].entityName                                                         , "Julia Cardoso Zylberstajn"
alerts[0].gridAlertInfo.alerts.nonReviewedAlertEntity[0].rels.rel[4].relDir                                                             , "FROM"
alerts[0].gridAlertInfo.alerts.nonReviewedAlertEntity[0].rels.rel[4].relTyp                                                             , "GRANDDAUGHTER"
alerts[0].gridAlertInfo.alerts.nonReviewedAlertEntity[0].rels.rel[4].sysId                                                              , "e2a55dde2570333dd52c32714daf91cb"
alerts[0].gridAlertInfo.alerts.nonReviewedAlertEntity[0].rels.rel[4].entityName                                                         , "Helena Cardoso Pinto"
alerts[0].gridAlertInfo.alerts.nonReviewedAlertEntity[0].rels.rel[5].relDir                                                             , "FROM"
alerts[0].gridAlertInfo.alerts.nonReviewedAlertEntity[0].rels.rel[5].relTyp                                                             , "GRANDDAUGHTER"
alerts[0].gridAlertInfo.alerts.nonReviewedAlertEntity[0].rels.rel[5].sysId                                                              , "e2a55dde2570333dcf242a016016466d"
alerts[0].gridAlertInfo.alerts.nonReviewedAlertEntity[0].rels.rel[5].entityName                                                         , "Joana Cardoso Pinto"
alerts[0].gridAlertInfo.alerts.nonReviewedAlertEntity[0].rels.rel[6].relDir                                                             , "FROM"
alerts[0].gridAlertInfo.alerts.nonReviewedAlertEntity[0].rels.rel[6].relTyp                                                             , "SON"
alerts[0].gridAlertInfo.alerts.nonReviewedAlertEntity[0].rels.rel[6].sysId                                                              , "e2a55dde2570333d03f01604e2d539bf"
alerts[0].gridAlertInfo.alerts.nonReviewedAlertEntity[0].rels.rel[6].entityName                                                         , "Paulo Henrique Cardoso"
alerts[0].gridAlertInfo.alerts.nonReviewedAlertEntity[0].rels.rel[7].relDir                                                             , "FROM"
alerts[0].gridAlertInfo.alerts.nonReviewedAlertEntity[0].rels.rel[7].relTyp                                                             , "FATHER"
alerts[0].gridAlertInfo.alerts.nonReviewedAlertEntity[0].rels.rel[7].sysId                                                              , "e2a55dde2570333d7b0d54d45213b770"
alerts[0].gridAlertInfo.alerts.nonReviewedAlertEntity[0].rels.rel[7].entityName                                                         , "Leonidas Fernandes Cardoso"
alerts[0].gridAlertInfo.alerts.nonReviewedAlertEntity[0].rels.rel[8].relDir                                                             , "FROM"
alerts[0].gridAlertInfo.alerts.nonReviewedAlertEntity[0].rels.rel[8].relTyp                                                             , "WIFE"
alerts[0].gridAlertInfo.alerts.nonReviewedAlertEntity[0].rels.rel[8].sysId                                                              , "e2a55dde2570333dcb388b875f920597"
alerts[0].gridAlertInfo.alerts.nonReviewedAlertEntity[0].rels.rel[8].entityName                                                         , "Patricia Kundrat"
alerts[0].gridAlertInfo.alerts.nonReviewedAlertEntity[0].rels.rel[9].relDir                                                             , "FROM"
alerts[0].gridAlertInfo.alerts.nonReviewedAlertEntity[0].rels.rel[9].relTyp                                                             , "GRANDSON"
alerts[0].gridAlertInfo.alerts.nonReviewedAlertEntity[0].rels.rel[9].sysId                                                              , "1fd421b2f5263d3103f01604e2d539bf"
alerts[0].gridAlertInfo.alerts.nonReviewedAlertEntity[0].rels.rel[9].entityName                                                         , "Pedro Cardoso Zylberstajn"
alerts[0].gridAlertInfo.alerts.nonReviewedAlertEntity[0].rels.rel[10].relDir                                                            , "FROM"
alerts[0].gridAlertInfo.alerts.nonReviewedAlertEntity[0].rels.rel[10].relTyp                                                            , "DAUGHTER"
alerts[0].gridAlertInfo.alerts.nonReviewedAlertEntity[0].rels.rel[10].sysId                                                             , "1fd421b2f5263d317b0d54d45213b770"
alerts[0].gridAlertInfo.alerts.nonReviewedAlertEntity[0].rels.rel[10].entityName                                                        , "Luciana Cardoso"
alerts[0].gridAlertInfo.alerts.nonReviewedAlertEntity[0].rels.rel[11].relDir                                                            , "FROM"
alerts[0].gridAlertInfo.alerts.nonReviewedAlertEntity[0].rels.rel[11].relTyp                                                            , "GRANDDAUGHTER"
alerts[0].gridAlertInfo.alerts.nonReviewedAlertEntity[0].rels.rel[11].sysId                                                             , "1fd421b2f5263d31cb388b875f920597"
alerts[0].gridAlertInfo.alerts.nonReviewedAlertEntity[0].rels.rel[11].entityName                                                        , "Isabel Cardoso Vaz"
alerts[0].gridAlertInfo.alerts.nonReviewedAlertEntity[0].identification[0].idNumber                                                     , "P407801979"
alerts[0].gridAlertInfo.alerts.nonReviewedAlertEntity[0].identification[0].idType                                                       , "BvD UCI"
alerts[0].gridAlertInfo.alerts.nonReviewedAlertEntity[0].identification[1].idNumber                                                     , "P377932336"
alerts[0].gridAlertInfo.alerts.nonReviewedAlertEntity[0].identification[1].idType                                                       , "BvD UCI"
alerts[0].gridAlertInfo.alerts.nonReviewedAlertEntity[1].matchScore                                                                     , 96
alerts[0].gridAlertInfo.alerts.nonReviewedAlertEntity[1].riskScore                                                                      , 75
alerts[0].gridAlertInfo.alerts.nonReviewedAlertEntity[1].cvip                                                                           , "C"
alerts[0].gridAlertInfo.alerts.nonReviewedAlertEntity[1].entityId                                                                       , 201452143
alerts[0].gridAlertInfo.alerts.nonReviewedAlertEntity[1].entityTyp                                                                      , "P"
alerts[0].gridAlertInfo.alerts.nonReviewedAlertEntity[1].entityName                                                                     , "Henrique Cardoso"
alerts[0].gridAlertInfo.alerts.nonReviewedAlertEntity[1].source.sourceName                                                              , "RiskConnect"
alerts[0].gridAlertInfo.alerts.nonReviewedAlertEntity[1].source.sourceURL                                                               , "https://grid.rdc.eu.com/wss/entity.html?entityId=0d94487bb1b83375cf242a016016466d"
alerts[0].gridAlertInfo.alerts.nonReviewedAlertEntity[1].source.entityDt                                                                , "2017-05-18"
alerts[0].gridAlertInfo.alerts.nonReviewedAlertEntity[1].event[0].category.categoryCode                                                 , "BRB"
alerts[0].gridAlertInfo.alerts.nonReviewedAlertEntity[1].event[0].category.categoryDesc                                                 , "Bribery, Graft, Kickbacks, Political Corruption"
alerts[0].gridAlertInfo.alerts.nonReviewedAlertEntity[1].event[0].eventDesc                                                             , "Rosarioplus.com listed an article on 18 May 2017, re: Senator Aécio Neves and deputy Rodrigo Rocha Loures, former adviser to President Michel Temer, were removed from there roles and investigated after being filmed requesting bribes from the Brazilian refrigeration company JBS S. A., and its owner Joesley Batista, a party involved in Lava Jato scandal that collaborated with police. Properties belonging to Fernando Henrique Cardoso were also raided."
alerts[0].gridAlertInfo.alerts.nonReviewedAlertEntity[1].event[0].eventDt                                                               , "2017-05-18"
alerts[0].gridAlertInfo.alerts.nonReviewedAlertEntity[1].event[0].subCategory.categoryCode                                              , "ASC"
alerts[0].gridAlertInfo.alerts.nonReviewedAlertEntity[1].event[0].subCategory.categoryDesc                                              , "Associated with, Seen with"
alerts[0].gridAlertInfo.alerts.nonReviewedAlertEntity[1].event[0].source.sourceName                                                     , "Global Online Media (Spanish Media)"
alerts[0].gridAlertInfo.alerts.nonReviewedAlertEntity[1].event[0].source.sourceURL                                                      , "http://www.rosarioplus.com/ensacoycorbata/La-Corte-suspendio-al-senador-que-fue-filmado-pidiendo-sobornos-20170518-0016.html"
alerts[0].gridAlertInfo.alerts.nonReviewedAlertEntity[1].event[0].source.entityDt                                                       , "2024-01-31"
alerts[0].gridAlertInfo.alerts.nonReviewedAlertEntity[1].event[0].source.format                                                         , "Web"
alerts[0].gridAlertInfo.alerts.nonReviewedAlertEntity[1].postAddr[0].countryCode.countryCodeValue                                       , "BR"
alerts[0].gridAlertInfo.alerts.nonReviewedAlertEntity[1].attribute[0].attCode                                                           , "URL"
alerts[0].gridAlertInfo.alerts.nonReviewedAlertEntity[1].attribute[0].attDesc                                                           , "Entity URL"
alerts[0].gridAlertInfo.alerts.nonReviewedAlertEntity[1].attribute[0].attVal                                                            , "http://www.rosarioplus.com/ensacoycorbata/La-Corte-suspendio-al-senador-que-fue-filmado-pidiendo-sobornos-20170518-0016.html"
alerts[0].gridAlertInfo.alerts.nonReviewedAlertEntity[1].attribute[1].attCode                                                           , "SEX"
alerts[0].gridAlertInfo.alerts.nonReviewedAlertEntity[1].attribute[1].attDesc                                                           , "Sex"
alerts[0].gridAlertInfo.alerts.nonReviewedAlertEntity[1].attribute[1].attVal                                                            , "M"
alerts[0].gridAlertInfo.alerts.nonReviewedAlertEntity[1].attribute[2].attCode                                                           , "URL"
alerts[0].gridAlertInfo.alerts.nonReviewedAlertEntity[1].attribute[2].attDesc                                                           , "Entity URL"
alerts[0].gridAlertInfo.alerts.nonReviewedAlertEntity[1].attribute[2].attVal                                                            , "https://www.rosarioplus.com/ensacoycorbata/La-Corte-suspendio-al-senador-que-fue-filmado-pidiendo-sobornos-20170518-0016.html"
alerts[0].gridAlertInfo.alerts.nonReviewedAlertEntity[1].attribute[3].attCode                                                           , "URL"
alerts[0].gridAlertInfo.alerts.nonReviewedAlertEntity[1].attribute[3].attDesc                                                           , "Entity URL"
alerts[0].gridAlertInfo.alerts.nonReviewedAlertEntity[1].attribute[3].attVal                                                            , "https://www.wilsoncenter.org/blog-post/former-president-brazil-fernando-henrique-cardoso-reaffirms-support-for-lava-jato"
alerts[0].gridAlertInfo.alerts.nonReviewedAlertEntity[1].attribute[4].attCode                                                           , "RID"
alerts[0].gridAlertInfo.alerts.nonReviewedAlertEntity[1].attribute[4].attDesc                                                           , "Riskid"
alerts[0].gridAlertInfo.alerts.nonReviewedAlertEntity[1].attribute[4].attVal                                                            , "R117771969"
alerts[0].gridAlertInfo.alerts.nonReviewedAlertEntity[1].sysId                                                                          , "0d94487bb1b83375cf242a016016466d"
alerts[0].gridAlertInfo.alerts.nonReviewedAlertEntity[1].rdcURL                                                                         , "https://grid.rdc.eu.com/wss/entity.html?entityId=0d94487bb1b83375cf242a016016466d"
alerts[0].gridAlertInfo.alerts.nonReviewedAlertEntity[1].alias[0].aliasTyp                                                              , "AKA"
alerts[0].gridAlertInfo.alerts.nonReviewedAlertEntity[1].alias[0].aliasName                                                             , "Fernando Henrique Cardoso"
alerts[0].gridAlertInfo.alerts.nonReviewedAlertEntity[1].alias[0].bestMatch                                                             , true
alerts[0].gridAlertInfo.alerts.nonReviewedAlertEntity[1].sources.source[0].sourceName                                                   , "Global Online Media (Spanish Media)"
alerts[0].gridAlertInfo.alerts.nonReviewedAlertEntity[1].sources.source[0].sourceURL                                                    , "https://www.moodys.com/web/en/us/kyc/products/grid/grid-dataset-descriptions.html/#global-online-media"
alerts[0].gridAlertInfo.alerts.nonReviewedAlertEntity[1].sources.source[0].headline                                                     , "Global Online Media (Spanish Media)"
alerts[0].gridAlertInfo.alerts.nonReviewedAlertEntity[1].sources.source[1].sourceName                                                   , "Supplemental Profile Information"
alerts[0].gridAlertInfo.alerts.nonReviewedAlertEntity[1].sources.source[1].sourceURL                                                    , "https://www.moodys.com/web/en/us/kyc/products/grid/grid-dataset-descriptions.html/#supplemental-profile-information"
alerts[0].gridAlertInfo.alerts.nonReviewedAlertEntity[1].sources.source[1].headline                                                     , "Supplemental Profile Information"
alerts[0].gridAlertInfo.alerts.nonReviewedAlertEntity[1].sources.source[2].sourceName                                                   , "Supplemental Profile Information- EU"
alerts[0].gridAlertInfo.alerts.nonReviewedAlertEntity[1].sources.source[2].sourceURL                                                    , "https://www.moodys.com/web/en/us/kyc/products/grid/grid-dataset-descriptions.html/#supplemental-profile-information"
alerts[0].gridAlertInfo.alerts.nonReviewedAlertEntity[1].sources.source[2].headline                                                     , "Supplemental Profile Information- EU"
alerts[0].gridAlertInfo.alerts.nonReviewedAlertEntity[1].sources.source[3].sourceName                                                   , "Supplemental Profile Information -US"
alerts[0].gridAlertInfo.alerts.nonReviewedAlertEntity[1].sources.source[3].sourceURL                                                    , "https://www.moodys.com/web/en/us/kyc/products/grid/grid-dataset-descriptions.html/#supplemental-profile-information"
alerts[0].gridAlertInfo.alerts.nonReviewedAlertEntity[1].sources.source[3].headline                                                     , "Supplemental Profile Information -US"
alerts[0].gridAlertInfo.alerts.nonReviewedAlertEntity[1].sources.source[4].sourceName                                                   , "Global Online Media (Spanish Media)"
alerts[0].gridAlertInfo.alerts.nonReviewedAlertEntity[1].sources.source[4].sourceURL                                                    , "http://www.rosarioplus.com/ensacoycorbata/La-Corte-suspendio-al-senador-que-fue-filmado-pidiendo-sobornos-20170518-0016.html"
alerts[0].gridAlertInfo.alerts.nonReviewedAlertEntity[1].sources.source[4].format                                                       , "Web"
alerts[0].gridAlertInfo.alerts.nonReviewedAlertEntity[2].matchScore                                                                     , 95
alerts[0].gridAlertInfo.alerts.nonReviewedAlertEntity[2].riskScore                                                                      , 75
alerts[0].gridAlertInfo.alerts.nonReviewedAlertEntity[2].cvip                                                                           , "C"
alerts[0].gridAlertInfo.alerts.nonReviewedAlertEntity[2].entityId                                                                       , 201078895
alerts[0].gridAlertInfo.alerts.nonReviewedAlertEntity[2].entityTyp                                                                      , "P"
alerts[0].gridAlertInfo.alerts.nonReviewedAlertEntity[2].entityName                                                                     , "FERNANDO CARDOSO"
alerts[0].gridAlertInfo.alerts.nonReviewedAlertEntity[2].source.sourceName                                                              , "RiskConnect"
alerts[0].gridAlertInfo.alerts.nonReviewedAlertEntity[2].source.sourceURL                                                               , "https://grid.rdc.eu.com/wss/entity.html?entityId=4efe1be69df9a0c67b0d54d45213b770"
alerts[0].gridAlertInfo.alerts.nonReviewedAlertEntity[2].source.entityDt                                                                , "2020-07-01"
alerts[0].gridAlertInfo.alerts.nonReviewedAlertEntity[2].event[0].category.categoryCode                                                 , "REG"
alerts[0].gridAlertInfo.alerts.nonReviewedAlertEntity[2].event[0].category.categoryDesc                                                 , "Regulatory Action"
alerts[0].gridAlertInfo.alerts.nonReviewedAlertEntity[2].event[0].eventDesc                                                             , "This entity appears on the Brazil - Registration of Federal Administration Expulsions (CEAF) Penalty list. Penalty imposed: DISMISSAL. Sanctioning body: National Institute Of Social Insurance"
alerts[0].gridAlertInfo.alerts.nonReviewedAlertEntity[2].event[0].eventDt                                                               , "2020-07-01"
alerts[0].gridAlertInfo.alerts.nonReviewedAlertEntity[2].event[0].subCategory.categoryCode                                              , "ACT"
alerts[0].gridAlertInfo.alerts.nonReviewedAlertEntity[2].event[0].subCategory.categoryDesc                                              , "Disciplinary, Regulatory Action"
alerts[0].gridAlertInfo.alerts.nonReviewedAlertEntity[2].event[0].source.sourceName                                                     , "Brazil Federal Administration Expulsion Registry (CEAF) - Penalties"
alerts[0].gridAlertInfo.alerts.nonReviewedAlertEntity[2].event[0].source.sourceURL                                                      , "https://portaldatransparencia.gov.br/sancoes/consulta?ordenarPor=nomeSancionado&direcao=asc"
alerts[0].gridAlertInfo.alerts.nonReviewedAlertEntity[2].event[0].source.entityDt                                                       , "2024-03-04"
alerts[0].gridAlertInfo.alerts.nonReviewedAlertEntity[2].event[0].source.format                                                         , "Web"
alerts[0].gridAlertInfo.alerts.nonReviewedAlertEntity[2].event[1].category.categoryCode                                                 , "REG"
alerts[0].gridAlertInfo.alerts.nonReviewedAlertEntity[2].event[1].category.categoryDesc                                                 , "Regulatory Action"
alerts[0].gridAlertInfo.alerts.nonReviewedAlertEntity[2].event[1].eventDesc                                                             , "This entity appears on the Brazil - Registration of Federal Administration Expulsions (CEAF) Penalty list. Penalty imposed: DISMISSAL. Sanctioning body: Social Security Agency - A - Joinville Centro"
alerts[0].gridAlertInfo.alerts.nonReviewedAlertEntity[2].event[1].eventDt                                                               , "2018-11-22"
alerts[0].gridAlertInfo.alerts.nonReviewedAlertEntity[2].event[1].subCategory.categoryCode                                              , "ACT"
alerts[0].gridAlertInfo.alerts.nonReviewedAlertEntity[2].event[1].subCategory.categoryDesc                                              , "Disciplinary, Regulatory Action"
alerts[0].gridAlertInfo.alerts.nonReviewedAlertEntity[2].event[1].source.sourceName                                                     , "Brazil Federal Administration Expulsion Registry (CEAF) - Penalties"
alerts[0].gridAlertInfo.alerts.nonReviewedAlertEntity[2].event[1].source.sourceURL                                                      , "https://portaldatransparencia.gov.br/sancoes/consulta?ordenarPor=nomeSancionado&direcao=asc"
alerts[0].gridAlertInfo.alerts.nonReviewedAlertEntity[2].event[1].source.entityDt                                                       , "2024-03-04"
alerts[0].gridAlertInfo.alerts.nonReviewedAlertEntity[2].event[1].source.format                                                         , "Web"
alerts[0].gridAlertInfo.alerts.nonReviewedAlertEntity[2].postAddr[0].countryCode.countryCodeValue                                       , "BR"
alerts[0].gridAlertInfo.alerts.nonReviewedAlertEntity[2].attribute[0].attCode                                                           , "URL"
alerts[0].gridAlertInfo.alerts.nonReviewedAlertEntity[2].attribute[0].attDesc                                                           , "Entity URL"
alerts[0].gridAlertInfo.alerts.nonReviewedAlertEntity[2].attribute[0].attVal                                                            , "https://portaldatransparencia.gov.br/sancoes/consulta/188618"
alerts[0].gridAlertInfo.alerts.nonReviewedAlertEntity[2].attribute[1].attCode                                                           , "URL"
alerts[0].gridAlertInfo.alerts.nonReviewedAlertEntity[2].attribute[1].attDesc                                                           , "Entity URL"
alerts[0].gridAlertInfo.alerts.nonReviewedAlertEntity[2].attribute[1].attVal                                                            , "https://portaldatransparencia.gov.br/sancoes/consulta/182144"
alerts[0].gridAlertInfo.alerts.nonReviewedAlertEntity[2].attribute[2].attCode                                                           , "RID"
alerts[0].gridAlertInfo.alerts.nonReviewedAlertEntity[2].attribute[2].attDesc                                                           , "Riskid"
alerts[0].gridAlertInfo.alerts.nonReviewedAlertEntity[2].attribute[2].attVal                                                            , "R124581375"
alerts[0].gridAlertInfo.alerts.nonReviewedAlertEntity[2].attribute[3].attCode                                                           , "RMK"
alerts[0].gridAlertInfo.alerts.nonReviewedAlertEntity[2].attribute[3].attDesc                                                           , "Remark"
alerts[0].gridAlertInfo.alerts.nonReviewedAlertEntity[2].attribute[3].attVal                                                            , "Process number: 35239000740201874"
alerts[0].gridAlertInfo.alerts.nonReviewedAlertEntity[2].attribute[4].attCode                                                           , "RMK"
alerts[0].gridAlertInfo.alerts.nonReviewedAlertEntity[2].attribute[4].attDesc                                                           , "Remark"
alerts[0].gridAlertInfo.alerts.nonReviewedAlertEntity[2].attribute[4].attVal                                                            , "Process number: 35351000077201811"
alerts[0].gridAlertInfo.alerts.nonReviewedAlertEntity[2].sysId                                                                          , "4efe1be69df9a0c67b0d54d45213b770"
alerts[0].gridAlertInfo.alerts.nonReviewedAlertEntity[2].rdcURL                                                                         , "https://grid.rdc.eu.com/wss/entity.html?entityId=4efe1be69df9a0c67b0d54d45213b770"
alerts[0].gridAlertInfo.alerts.nonReviewedAlertEntity[2].sources.source[0].sourceName                                                   , "Brazil Federal Administration Expulsion Registry (CEAF) - Penalties"
alerts[0].gridAlertInfo.alerts.nonReviewedAlertEntity[2].sources.source[0].sourceURL                                                    , "https://portaldatransparencia.gov.br/sancoes/consulta?ordenarPor=nomeSancionado&direcao=asc"
alerts[0].gridAlertInfo.alerts.nonReviewedAlertEntity[2].sources.source[0].headline                                                     , "Brazil Federal Administration Expulsion Registry (CEAF) - Penalties"
alerts[0].gridAlertInfo.alerts.nonReviewedAlertEntity[2].sources.source[1].sourceName                                                   , "Brazil Federal Administration Expulsion Registry (CEAF) - Penalties"
alerts[0].gridAlertInfo.alerts.nonReviewedAlertEntity[2].sources.source[1].sourceURL                                                    , "https://portaldatransparencia.gov.br/sancoes/consulta?ordenarPor=nomeSancionado&direcao=asc"
alerts[0].gridAlertInfo.alerts.nonReviewedAlertEntity[2].sources.source[1].format                                                       , "Web"
alerts[0].gridAlertStatus.gridAlertStatusCode                                                                                           , "COMPLETE"
